dataset,protocol,family,images,uniform_miou,retained_miou,vip_declared_miou,vip_pool20_miou,stronger_measured_vip,delta_vs_declared,delta_vs_stronger,local_miou,wide_miou,equal_mean_miou
vdd,vdd,remote_sensing,80,55.1305,55.2382,52.0647,51.4827,52.0647,3.065799999999996,3.065799999999996,52.9857,50.6085,53.117
potsdam,potsdam,remote_sensing,504,49.7278,49.7888,44.8995,42.3028,44.8995,4.828299999999999,4.828299999999999,50.2473,44.1488,46.9773
voc20,voc20,natural,1449,92.1747,92.1747,92.5051,,92.5051,-0.33039999999999736,-0.33039999999999736,82.2765,91.388,92.05
voc21,voc21,natural,1449,70.4508,70.4508,73.2591,,73.2591,-2.8083000000000027,-2.8083000000000027,27.3117,68.5522,63.3533
ade150,ade150,natural,2000,31.1862,31.1862,29.1387,,29.1387,2.0474999999999994,2.0474999999999994,27.4223,26.149,29.7892
context60,context60,natural,5105,41.6004,41.6004,42.5987,,42.5987,-0.9983000000000004,-0.9983000000000004,36.111,38.9585,40.9204
udd5,udd5,remote_sensing,40,48.3506,48.3659,44.9713,41.4336,44.9713,3.3793000000000006,3.3793000000000006,48.9404,44.5471,46.798
oem,oem,remote_sensing,384,39.5582,39.7079,35.0388,33.2064,35.0388,4.519399999999997,4.519399999999997,43.1075,32.0789,35.7775
vaihingen,vaihingen,remote_sensing,113,52.3535,52.3345,41.9062,47.362,47.362,10.447299999999998,4.991499999999995,51.4182,47.1621,50.0354
landcoverai,landcoverai,remote_sensing,1602,65.5954,65.5713,50.298,54.942,54.942,15.297399999999996,10.653399999999998,61.9719,61.0262,63.8458
loveda,P,remote_sensing,1669,64.434,64.4663,55.0261,56.311,56.311,9.407899999999998,8.122999999999998,67.5769,57.1042,61.0071
loveda,D,remote_sensing,1669,40.3047,40.2673,35.3436,36.1457,36.1457,4.961099999999995,4.158999999999999,41.421,36.3922,38.5148
context59,context59,natural,5105,45.1338,45.1338,,,,,,37.9339,42.3241,44.4838
coco_object81,coco_object81,natural,5000,44.2396,44.2396,48.9955,,48.9955,-4.755899999999997,-4.755899999999997,23.5264,47.37,43.2747
coco_stuff171,coco_stuff171,natural,5000,32.8235,32.8235,33.4867,,33.4867,-0.6631999999999962,-0.6631999999999962,28.5385,30.9864,32.6686
flair1,flair1,remote_sensing,15700,42.446,42.5056,36.6074,35.2977,36.6074,5.8386,5.8386,41.0144,38.7164,40.9058
