dataset,uniform_median_ms,uniform_p95_ms,retained_median_ms,vip_median_ms,uniform_vip_ratio,uniform_allocated_mib,vip_allocated_mib,uniform_reserved_mib,vip_reserved_mib
vdd,368.70743287727237,384.9828861653805,346.448389114812,191.50020787492394,1.9253630947392453,6070.931640625,2332.552734375,6966.0,2748.0
potsdam,251.59773509949446,256.2013397458941,253.08070401661098,109.47395418770611,2.2982428739908327,5571.57373046875,1739.28125,6076.0,2152.0
voc20,189.3768480513245,217.7589929662645,191.74032588489354,58.60695196315646,3.2313034837637886,5514.66455078125,1743.8623046875,6022.0,2130.0
voc21,185.3012260980904,217.71537214517593,191.7781860101968,60.736317886039615,3.0509130705910366,5516.36865234375,1744.8466796875,6024.0,2154.0
ade150,244.02873683720827,305.91498194262385,249.10897598601878,111.30452109500766,2.1924422695184993,6430.08544921875,2172.47119140625,7626.0,2736.0
context60,259.9397220183164,271.79656010121107,259.4683300703764,112.81087482348084,2.3042080156283977,5621.83056640625,1806.5166015625,6538.0,2276.0
udd5,350.1582439057529,411.854376969859,349.7444689273834,187.5676759518683,1.866836821050163,5800.66845703125,2162.28466796875,6470.0,2624.0
oem,254.73116897046566,258.84497752413154,263.416551053524,108.07138704694808,2.357063936449766,5586.95751953125,1810.0244140625,6076.0,2224.0
vaihingen,243.06886410340667,245.62741918489337,244.75038587115705,107.71133191883564,2.25666937520156,5565.25830078125,1739.28125,6010.0,2152.0
landcoverai,233.48297900520265,237.02623741701245,233.82392898201942,106.84174997732043,2.185315937400545,5565.25830078125,1763.75341796875,6010.0,2164.0
loveda,249.87351102754474,268.18814245052636,248.85184783488512,110.02144287340343,2.2711346488617004,5578.62255859375,1792.748046875,6076.0,2210.0
context59,236.54576996341348,242.4756036605686,243.38204693049192,111.34756705723703,2.124391005703965,5571.14990234375,1804.861328125,6530.0,2272.0
coco_object81,258.7541309185326,263.5072008706629,264.9509340990335,132.91032589040697,1.94683241640602,5781.49462890625,1922.380859375,6764.0,2414.0
coco_stuff171,315.36876899190247,321.44301272928715,309.7885681781918,183.6856040172279,1.716894313406967,6538.79931640625,2190.3828125,7948.0,2796.0
flair1,239.7344799246639,241.89893314614892,241.74459208734334,109.07742916606367,2.1978376439334935,5611.22607421875,1867.791015625,6134.0,2320.0
